Instance,Init,Algorithm,Cost,Time_s
N-be75eec_150,Random,Transpose_First,2110005,0.000006
N-be75eec_150,Random,Transpose_Best,2116936,0.000010
N-be75eec_150,Random,Exchange_First,3397099,0.330301
N-be75eec_150,Random,Exchange_Best,3370646,0.054315
N-be75eec_150,Random,Insert_First,3419060,0.310812
N-be75eec_150,Random,Insert_Best,3422308,0.080011
N-be75eec_150,CW,Transpose_First,2862125,0.000009
N-be75eec_150,CW,Transpose_Best,2861204,0.000012
N-be75eec_150,CW,Exchange_First,3399566,0.333310
N-be75eec_150,CW,Exchange_Best,3408882,0.076577
N-be75eec_150,CW,Insert_First,3420800,0.263755
N-be75eec_150,CW,Insert_Best,3428002,0.077078
N-be75eec_150,CW,VND_TEI,3432634,0.361468
N-be75eec_150,CW,VND_TIE,3421678,0.232187
N-be75eec_250,Random,Transpose_First,5668583,0.000015
N-be75eec_250,Random,Transpose_Best,5665677,0.000022
N-be75eec_250,Random,Exchange_First,8707547,4.875979
N-be75eec_250,Random,Exchange_Best,8589659,0.672506
N-be75eec_250,Random,Insert_First,8695911,3.784932
N-be75eec_250,Random,Insert_Best,8661395,0.698274
N-be75eec_250,CW,Transpose_First,7323577,0.000010
N-be75eec_250,CW,Transpose_Best,7336238,0.000019
N-be75eec_250,CW,Exchange_First,8671167,4.152932
N-be75eec_250,CW,Exchange_Best,8653669,0.647465
N-be75eec_250,CW,Insert_First,8673586,2.883163
N-be75eec_250,CW,Insert_Best,8723613,0.648006
N-be75eec_250,CW,VND_TEI,8704627,4.394398
N-be75eec_250,CW,VND_TIE,8666890,2.558888
N-be75np_150,Random,Transpose_First,4809500,0.000009
N-be75np_150,Random,Transpose_Best,4807943,0.000010
N-be75np_150,Random,Exchange_First,7002130,0.339298
N-be75np_150,Random,Exchange_Best,6937823,0.065759
N-be75np_150,Random,Insert_First,7116303,0.301125
N-be75np_150,Random,Insert_Best,7044246,0.079841
N-be75np_150,CW,Transpose_First,5937675,0.000007
N-be75np_150,CW,Transpose_Best,5978048,0.000011
N-be75np_150,CW,Exchange_First,6963430,0.323846
N-be75np_150,CW,Exchange_Best,6880714,0.059204
N-be75np_150,CW,Insert_First,7063816,0.294014
N-be75np_150,CW,Insert_Best,7036796,0.068589
N-be75np_150,CW,VND_TEI,7029750,0.343678
N-be75np_150,CW,VND_TIE,7019801,0.251035
N-be75np_250,Random,Transpose_First,11908894,0.000016
N-be75np_250,Random,Transpose_Best,11849453,0.000024
N-be75np_250,Random,Exchange_First,17401607,4.807790
N-be75np_250,Random,Exchange_Best,17120472,0.697451
N-be75np_250,Random,Insert_First,17437911,4.169971
N-be75np_250,Random,Insert_Best,17438981,0.666289
N-be75np_250,CW,Transpose_First,15139849,0.000022
N-be75np_250,CW,Transpose_Best,15153401,0.000033
N-be75np_250,CW,Exchange_First,17492833,4.306793
N-be75np_250,CW,Exchange_Best,17290954,0.559455
N-be75np_250,CW,Insert_First,17547014,2.844828
N-be75np_250,CW,Insert_Best,17515396,0.586890
N-be75np_250,CW,VND_TEI,17548268,4.017947
N-be75np_250,CW,VND_TIE,17544266,2.738266
N-be75oi_150,Random,Transpose_First,1494458,0.000007
N-be75oi_150,Random,Transpose_Best,1494457,0.000006
N-be75oi_150,Random,Exchange_First,2200985,0.343854
N-be75oi_150,Random,Exchange_Best,2206582,0.084536
N-be75oi_150,Random,Insert_First,2212119,0.272303
N-be75oi_150,Random,Insert_Best,2212618,0.072361
N-be75oi_150,CW,Transpose_First,1912834,0.000004
N-be75oi_150,CW,Transpose_Best,1915033,0.000006
N-be75oi_150,CW,Exchange_First,2209514,0.263810
N-be75oi_150,CW,Exchange_Best,2199939,0.047729
N-be75oi_150,CW,Insert_First,2215509,0.190670
N-be75oi_150,CW,Insert_Best,2221161,0.077798
N-be75oi_150,CW,VND_TEI,2225327,0.371136
N-be75oi_150,CW,VND_TIE,2222518,0.204467
N-be75oi_250,Random,Transpose_First,2961478,0.000012
N-be75oi_250,Random,Transpose_Best,2974767,0.000022
N-be75oi_250,Random,Exchange_First,5761454,5.165788
N-be75oi_250,Random,Exchange_Best,5743334,0.649804
N-be75oi_250,Random,Insert_First,5784346,3.402962
N-be75oi_250,Random,Insert_Best,5748063,0.631677
N-be75oi_250,CW,Transpose_First,4948325,0.000013
N-be75oi_250,CW,Transpose_Best,4956356,0.000018
N-be75oi_250,CW,Exchange_First,5813632,4.548362
N-be75oi_250,CW,Exchange_Best,5741585,0.669408
N-be75oi_250,CW,Insert_First,5802561,2.541826
N-be75oi_250,CW,Insert_Best,5797618,0.667860
N-be75oi_250,CW,VND_TEI,5798277,4.529229
N-be75oi_250,CW,VND_TIE,5788222,2.428565
N-be75tot_150,Random,Transpose_First,7763504,0.000011
N-be75tot_150,Random,Transpose_Best,7759919,0.000011
N-be75tot_150,Random,Exchange_First,11881492,0.348898
N-be75tot_150,Random,Exchange_Best,11788049,0.058879
N-be75tot_150,Random,Insert_First,11936955,0.265315
N-be75tot_150,Random,Insert_Best,11989949,0.088944
N-be75tot_150,CW,Transpose_First,10154073,0.000008
N-be75tot_150,CW,Transpose_Best,10206380,0.000011
N-be75tot_150,CW,Exchange_First,11916595,0.303023
N-be75tot_150,CW,Exchange_Best,11777774,0.050024
N-be75tot_150,CW,Insert_First,11999197,0.253324
N-be75tot_150,CW,Insert_Best,11958017,0.092485
N-be75tot_150,CW,VND_TEI,12001633,0.273988
N-be75tot_150,CW,VND_TIE,12075342,0.239763
N-be75tot_250,Random,Transpose_First,20410636,0.000019
N-be75tot_250,Random,Transpose_Best,20495488,0.000031
N-be75tot_250,Random,Exchange_First,30351180,4.495291
N-be75tot_250,Random,Exchange_Best,29877673,0.641864
N-be75tot_250,Random,Insert_First,30500814,3.659670
N-be75tot_250,Random,Insert_Best,30318649,0.665008
N-be75tot_250,CW,Transpose_First,26465619,0.000019
N-be75tot_250,CW,Transpose_Best,26493435,0.000032
N-be75tot_250,CW,Exchange_First,30353259,3.322678
N-be75tot_250,CW,Exchange_Best,30255002,0.571565
N-be75tot_250,CW,Insert_First,30530282,2.551834
N-be75tot_250,CW,Insert_Best,30503500,0.597794
N-be75tot_250,CW,VND_TEI,30421910,3.643838
N-be75tot_250,CW,VND_TIE,30376340,2.275567
N-stabu1_150,Random,Transpose_First,1827538,0.000009
N-stabu1_150,Random,Transpose_Best,1836079,0.000016
N-stabu1_150,Random,Exchange_First,2800349,0.395275
N-stabu1_150,Random,Exchange_Best,2769345,0.066615
N-stabu1_150,Random,Insert_First,2824108,0.358265
N-stabu1_150,Random,Insert_Best,2815434,0.077926
N-stabu1_150,CW,Transpose_First,2414897,0.000010
N-stabu1_150,CW,Transpose_Best,2424662,0.000011
N-stabu1_150,CW,Exchange_First,2823165,0.332168
N-stabu1_150,CW,Exchange_Best,2802577,0.054976
N-stabu1_150,CW,Insert_First,2810220,0.231294
N-stabu1_150,CW,Insert_Best,2836229,0.067828
N-stabu1_150,CW,VND_TEI,2833870,0.326147
N-stabu1_150,CW,VND_TIE,2810645,0.256045
N-stabu1_250,Random,Transpose_First,4880794,0.000034
N-stabu1_250,Random,Transpose_Best,4871705,0.000035
N-stabu1_250,Random,Exchange_First,7551833,4.796984
N-stabu1_250,Random,Exchange_Best,7529820,0.709096
N-stabu1_250,Random,Insert_First,7623629,4.238652
N-stabu1_250,Random,Insert_Best,7565869,0.667756
N-stabu1_250,CW,Transpose_First,6569513,0.000021
N-stabu1_250,CW,Transpose_Best,6582511,0.000035
N-stabu1_250,CW,Exchange_First,7589315,3.966136
N-stabu1_250,CW,Exchange_Best,7533872,0.489398
N-stabu1_250,CW,Insert_First,7612236,2.572249
N-stabu1_250,CW,Insert_Best,7602849,0.572210
N-stabu1_250,CW,VND_TEI,7628439,4.000642
N-stabu1_250,CW,VND_TIE,7622777,2.621387
N-stabu2_150,Random,Transpose_First,2726108,0.000009
N-stabu2_150,Random,Transpose_Best,2730307,0.000013
N-stabu2_150,Random,Exchange_First,4215338,0.405844
N-stabu2_150,Random,Exchange_Best,4231238,0.077175
N-stabu2_150,Random,Insert_First,4259868,0.373550
N-stabu2_150,Random,Insert_Best,4224250,0.068363
N-stabu2_150,CW,Transpose_First,3615368,0.000007
N-stabu2_150,CW,Transpose_Best,3642431,0.000010
N-stabu2_150,CW,Exchange_First,4233010,0.331468
N-stabu2_150,CW,Exchange_Best,4216998,0.056345
N-stabu2_150,CW,Insert_First,4257047,0.285387
N-stabu2_150,CW,Insert_Best,4252349,0.064911
N-stabu2_150,CW,VND_TEI,4255952,0.330518
N-stabu2_150,CW,VND_TIE,4260123,0.269181
N-stabu2_250,Random,Transpose_First,8062091,0.000016
N-stabu2_250,Random,Transpose_Best,8105175,0.000032
N-stabu2_250,Random,Exchange_First,11173048,4.273742
N-stabu2_250,Random,Exchange_Best,11086653,0.638025
N-stabu2_250,Random,Insert_First,11246083,3.907898
N-stabu2_250,Random,Insert_Best,11282792,0.703979
N-stabu2_250,CW,Transpose_First,9796998,0.000017
N-stabu2_250,CW,Transpose_Best,9809566,0.000025
N-stabu2_250,CW,Exchange_First,11246102,3.537208
N-stabu2_250,CW,Exchange_Best,11175831,0.619312
N-stabu2_250,CW,Insert_First,11343204,3.007181
N-stabu2_250,CW,Insert_Best,11308204,0.577792
N-stabu2_250,CW,VND_TEI,11314259,3.808453
N-stabu2_250,CW,VND_TIE,11346299,2.512724
N-stabu3_150,Random,Transpose_First,2651712,0.000010
N-stabu3_150,Random,Transpose_Best,2647243,0.000009
N-stabu3_150,Random,Exchange_First,4398699,0.374552
N-stabu3_150,Random,Exchange_Best,4350861,0.058733
N-stabu3_150,Random,Insert_First,4459764,0.375220
N-stabu3_150,Random,Insert_Best,4432284,0.088599
N-stabu3_150,CW,Transpose_First,3761091,0.000006
N-stabu3_150,CW,Transpose_Best,3785524,0.000009
N-stabu3_150,CW,Exchange_First,4400030,0.328226
N-stabu3_150,CW,Exchange_Best,4387071,0.059624
N-stabu3_150,CW,Insert_First,4435836,0.262334
N-stabu3_150,CW,Insert_Best,4435643,0.060487
N-stabu3_150,CW,VND_TEI,4454501,0.312797
N-stabu3_150,CW,VND_TIE,4437147,0.274740
N-stabu3_250,Random,Transpose_First,7552108,0.000015
N-stabu3_250,Random,Transpose_Best,7592894,0.000028
N-stabu3_250,Random,Exchange_First,11567513,5.135155
N-stabu3_250,Random,Exchange_Best,11549906,0.711259
N-stabu3_250,Random,Insert_First,11751489,4.054953
N-stabu3_250,Random,Insert_Best,11614266,0.705988
N-stabu3_250,CW,Transpose_First,10037521,0.000020
N-stabu3_250,CW,Transpose_Best,10074173,0.000033
N-stabu3_250,CW,Exchange_First,11648757,4.362659
N-stabu3_250,CW,Exchange_Best,11578664,0.571334
N-stabu3_250,CW,Insert_First,11727769,3.005859
N-stabu3_250,CW,Insert_Best,11656789,0.566630
N-stabu3_250,CW,VND_TEI,11712428,4.212340
N-stabu3_250,CW,VND_TIE,11714351,2.837478
N-t59b11xx_150,Random,Transpose_First,2190795,0.000006
N-t59b11xx_150,Random,Transpose_Best,2197385,0.000008
N-t59b11xx_150,Random,Exchange_First,3173245,0.249097
N-t59b11xx_150,Random,Exchange_Best,3127495,0.054247
N-t59b11xx_150,Random,Insert_First,3187265,0.262450
N-t59b11xx_150,Random,Insert_Best,3173655,0.079172
N-t59b11xx_150,CW,Transpose_First,2677330,0.000004
N-t59b11xx_150,CW,Transpose_Best,2679880,0.000006
N-t59b11xx_150,CW,Exchange_First,3148520,0.188482
N-t59b11xx_150,CW,Exchange_Best,3135240,0.045109
N-t59b11xx_150,CW,Insert_First,3190210,0.171132
N-t59b11xx_150,CW,Insert_Best,3162490,0.070313
N-t59b11xx_150,CW,VND_TEI,3169290,0.267921
N-t59b11xx_150,CW,VND_TIE,3184865,0.181633
N-t59b11xx_250,Random,Transpose_First,5591620,0.000010
N-t59b11xx_250,Random,Transpose_Best,5591855,0.000016
N-t59b11xx_250,Random,Exchange_First,8156485,2.699156
N-t59b11xx_250,Random,Exchange_Best,8109395,0.625638
N-t59b11xx_250,Random,Insert_First,8225225,2.898164
N-t59b11xx_250,Random,Insert_Best,8146530,0.709261
N-t59b11xx_250,CW,Transpose_First,7040520,0.000014
N-t59b11xx_250,CW,Transpose_Best,7047045,0.000018
N-t59b11xx_250,CW,Exchange_First,8188485,2.445680
N-t59b11xx_250,CW,Exchange_Best,8135045,0.492386
N-t59b11xx_250,CW,Insert_First,8270180,2.079982
N-t59b11xx_250,CW,Insert_Best,8220960,0.665750
N-t59b11xx_250,CW,VND_TEI,8268925,3.217338
N-t59b11xx_250,CW,VND_TIE,8268325,2.003950
N-t59d11xx_150,Random,Transpose_First,944878,0.000007
N-t59d11xx_150,Random,Transpose_Best,945637,0.000007
N-t59d11xx_150,Random,Exchange_First,1420614,0.265419
N-t59d11xx_150,Random,Exchange_Best,1408677,0.059736
N-t59d11xx_150,Random,Insert_First,1433021,0.290556
N-t59d11xx_150,Random,Insert_Best,1434708,0.083957
N-t59d11xx_150,CW,Transpose_First,1225613,0.000005
N-t59d11xx_150,CW,Transpose_Best,1228680,0.000007
N-t59d11xx_150,CW,Exchange_First,1426626,0.220110
N-t59d11xx_150,CW,Exchange_Best,1417185,0.044941
N-t59d11xx_150,CW,Insert_First,1441317,0.246272
N-t59d11xx_150,CW,Insert_Best,1441103,0.066771
N-t59d11xx_150,CW,VND_TEI,1436146,0.240099
N-t59d11xx_150,CW,VND_TIE,1443691,0.217922
N-t59d11xx_250,Random,Transpose_First,2676664,0.000011
N-t59d11xx_250,Random,Transpose_Best,2685286,0.000021
N-t59d11xx_250,Random,Exchange_First,3749417,3.152356
N-t59d11xx_250,Random,Exchange_Best,3714911,0.565566
N-t59d11xx_250,Random,Insert_First,3774817,3.075067
N-t59d11xx_250,Random,Insert_Best,3782677,0.680372
N-t59d11xx_250,CW,Transpose_First,3256071,0.000012
N-t59d11xx_250,CW,Transpose_Best,3260352,0.000018
N-t59d11xx_250,CW,Exchange_First,3754827,2.585676
N-t59d11xx_250,CW,Exchange_Best,3728072,0.481140
N-t59d11xx_250,CW,Insert_First,3792906,2.080338
N-t59d11xx_250,CW,Insert_Best,3762976,0.520706
N-t59d11xx_250,CW,VND_TEI,3800277,3.072739
N-t59d11xx_250,CW,VND_TIE,3780609,2.003926
N-t59f11xx_150,Random,Transpose_First,1017299,0.000006
N-t59f11xx_150,Random,Transpose_Best,1020804,0.000010
N-t59f11xx_150,Random,Exchange_First,1489560,0.252345
N-t59f11xx_150,Random,Exchange_Best,1490221,0.055893
N-t59f11xx_150,Random,Insert_First,1514993,0.261248
N-t59f11xx_150,Random,Insert_Best,1518942,0.083561
N-t59f11xx_150,CW,Transpose_First,1282066,0.000006
N-t59f11xx_150,CW,Transpose_Best,1284294,0.000009
N-t59f11xx_150,CW,Exchange_First,1516395,0.243159
N-t59f11xx_150,CW,Exchange_Best,1490938,0.043656
N-t59f11xx_150,CW,Insert_First,1528630,0.209670
N-t59f11xx_150,CW,Insert_Best,1522456,0.075711
N-t59f11xx_150,CW,VND_TEI,1514893,0.233209
N-t59f11xx_150,CW,VND_TIE,1525458,0.224395
N-t59f11xx_250,Random,Transpose_First,2807380,0.000012
N-t59f11xx_250,Random,Transpose_Best,2812452,0.000019
N-t59f11xx_250,Random,Exchange_First,3867492,3.171309
N-t59f11xx_250,Random,Exchange_Best,3858154,0.574234
N-t59f11xx_250,Random,Insert_First,3926619,2.889718
N-t59f11xx_250,Random,Insert_Best,3886358,0.618930
N-t59f11xx_250,CW,Transpose_First,3302880,0.000009
N-t59f11xx_250,CW,Transpose_Best,3308860,0.000045
N-t59f11xx_250,CW,Exchange_First,3902339,2.807913
N-t59f11xx_250,CW,Exchange_Best,3859920,0.565093
N-t59f11xx_250,CW,Insert_First,3926705,2.196044
N-t59f11xx_250,CW,Insert_Best,3916172,0.616542
N-t59f11xx_250,CW,VND_TEI,3923064,3.115094
N-t59f11xx_250,CW,VND_TIE,3929087,2.068818
N-t59n11xx_150,Random,Transpose_First,201789,0.000008
N-t59n11xx_150,Random,Transpose_Best,202344,0.000010
N-t59n11xx_150,Random,Exchange_First,309357,0.331551
N-t59n11xx_150,Random,Exchange_Best,309362,0.072923
N-t59n11xx_150,Random,Insert_First,311760,0.247783
N-t59n11xx_150,Random,Insert_Best,315761,0.087426
N-t59n11xx_150,CW,Transpose_First,268707,0.000005
N-t59n11xx_150,CW,Transpose_Best,268569,0.000008
N-t59n11xx_150,CW,Exchange_First,309278,0.208276
N-t59n11xx_150,CW,Exchange_Best,308479,0.054548
N-t59n11xx_150,CW,Insert_First,312672,0.203287
N-t59n11xx_150,CW,Insert_Best,312580,0.066328
N-t59n11xx_150,CW,VND_TEI,311997,0.222038
N-t59n11xx_150,CW,VND_TIE,312882,0.197247
N-t59n11xx_250,Random,Transpose_First,551214,0.000012
N-t59n11xx_250,Random,Transpose_Best,551318,0.000022
N-t59n11xx_250,Random,Exchange_First,804222,3.735568
N-t59n11xx_250,Random,Exchange_Best,790131,0.552290
N-t59n11xx_250,Random,Insert_First,807724,2.641348
N-t59n11xx_250,Random,Insert_Best,803197,0.652525
N-t59n11xx_250,CW,Transpose_First,677500,0.000013
N-t59n11xx_250,CW,Transpose_Best,677908,0.000020
N-t59n11xx_250,CW,Exchange_First,801923,3.066800
N-t59n11xx_250,CW,Exchange_Best,800054,0.477681
N-t59n11xx_250,CW,Insert_First,807647,2.325475
N-t59n11xx_250,CW,Insert_Best,808042,0.608698
N-t59n11xx_250,CW,VND_TEI,808894,3.244191
N-t59n11xx_250,CW,VND_TIE,806980,2.099194
N-t65b11xx_150,Random,Transpose_First,4321260,0.000008
N-t65b11xx_150,Random,Transpose_Best,4336920,0.000010
N-t65b11xx_150,Random,Exchange_First,6288862,0.374984
N-t65b11xx_150,Random,Exchange_Best,6155506,0.070800
N-t65b11xx_150,Random,Insert_First,6357867,0.376175
N-t65b11xx_150,Random,Insert_Best,6298106,0.081946
N-t65b11xx_150,CW,Transpose_First,5358202,0.000006
N-t65b11xx_150,CW,Transpose_Best,5368063,0.000010
N-t65b11xx_150,CW,Exchange_First,6289715,0.263921
N-t65b11xx_150,CW,Exchange_Best,6273353,0.062877
N-t65b11xx_150,CW,Insert_First,6313937,0.238202
N-t65b11xx_150,CW,Insert_Best,6331977,0.064291
N-t65b11xx_150,CW,VND_TEI,6340222,0.299127
N-t65b11xx_150,CW,VND_TIE,6313684,0.242948
N-t65b11xx_250,Random,Transpose_First,10983195,0.000027
N-t65b11xx_250,Random,Transpose_Best,11094873,0.000049
N-t65b11xx_250,Random,Exchange_First,16760124,4.290050
N-t65b11xx_250,Random,Exchange_Best,16567664,0.614180
N-t65b11xx_250,Random,Insert_First,16780305,3.860599
N-t65b11xx_250,Random,Insert_Best,16880766,0.683463
N-t65b11xx_250,CW,Transpose_First,14209759,0.000014
N-t65b11xx_250,CW,Transpose_Best,14206807,0.000030
N-t65b11xx_250,CW,Exchange_First,16881483,4.101986
N-t65b11xx_250,CW,Exchange_Best,16685819,0.551997
N-t65b11xx_250,CW,Insert_First,16922940,3.017557
N-t65b11xx_250,CW,Insert_Best,16920396,0.643621
N-t65b11xx_250,CW,VND_TEI,16897981,4.084311
N-t65b11xx_250,CW,VND_TIE,16912869,2.876102
N-t65d11xx_150,Random,Transpose_First,2385962,0.000008
N-t65d11xx_150,Random,Transpose_Best,2398550,0.000013
N-t65d11xx_150,Random,Exchange_First,3451744,0.310652
N-t65d11xx_150,Random,Exchange_Best,3436373,0.072577
N-t65d11xx_150,Random,Insert_First,3511088,0.331116
N-t65d11xx_150,Random,Insert_Best,3449880,0.091581
N-t65d11xx_150,CW,Transpose_First,3017902,0.000009
N-t65d11xx_150,CW,Transpose_Best,3026799,0.000014
N-t65d11xx_150,CW,Exchange_First,3487281,0.239198
N-t65d11xx_150,CW,Exchange_Best,3444161,0.051052
N-t65d11xx_150,CW,Insert_First,3491289,0.206931
N-t65d11xx_150,CW,Insert_Best,3486585,0.075522
N-t65d11xx_150,CW,VND_TEI,3505565,0.258037
N-t65d11xx_150,CW,VND_TIE,3505966,0.209992
N-t65d11xx_250,Random,Transpose_First,6291686,0.000014
N-t65d11xx_250,Random,Transpose_Best,6318920,0.000026
N-t65d11xx_250,Random,Exchange_First,9075505,3.820547
N-t65d11xx_250,Random,Exchange_Best,8968092,0.613537
N-t65d11xx_250,Random,Insert_First,9087435,3.728183
N-t65d11xx_250,Random,Insert_Best,9105394,0.795057
N-t65d11xx_250,CW,Transpose_First,7889100,0.000016
N-t65d11xx_250,CW,Transpose_Best,7881453,0.000029
N-t65d11xx_250,CW,Exchange_First,9148690,3.586163
N-t65d11xx_250,CW,Exchange_Best,9091834,0.544718
N-t65d11xx_250,CW,Insert_First,9179106,2.730244
N-t65d11xx_250,CW,Insert_Best,9173885,0.609119
N-t65d11xx_250,CW,VND_TEI,9180513,3.388895
N-t65d11xx_250,CW,VND_TIE,9201855,2.684495
N-t65f11xx_150,Random,Transpose_First,2143139,0.000008
N-t65f11xx_150,Random,Transpose_Best,2144084,0.000008
N-t65f11xx_150,Random,Exchange_First,3060658,0.315198
N-t65f11xx_150,Random,Exchange_Best,3053624,0.058864
N-t65f11xx_150,Random,Insert_First,3077304,0.364255
N-t65f11xx_150,Random,Insert_Best,3094701,0.075362
N-t65f11xx_150,CW,Transpose_First,2650742,0.000007
N-t65f11xx_150,CW,Transpose_Best,2647685,0.000011
N-t65f11xx_150,CW,Exchange_First,3084141,0.225688
N-t65f11xx_150,CW,Exchange_Best,3060886,0.054772
N-t65f11xx_150,CW,Insert_First,3089054,0.249748
N-t65f11xx_150,CW,Insert_Best,3101222,0.066582
N-t65f11xx_150,CW,VND_TEI,3091743,0.274720
N-t65f11xx_150,CW,VND_TIE,3086926,0.183428
N-t65f11xx_250,Random,Transpose_First,5792510,0.000020
N-t65f11xx_250,Random,Transpose_Best,5797863,0.000033
N-t65f11xx_250,Random,Exchange_First,8149745,4.153299
N-t65f11xx_250,Random,Exchange_Best,8104673,0.673262
N-t65f11xx_250,Random,Insert_First,8253745,3.834303
N-t65f11xx_250,Random,Insert_Best,8196647,0.731901
N-t65f11xx_250,CW,Transpose_First,7114179,0.000017
N-t65f11xx_250,CW,Transpose_Best,7121152,0.000030
N-t65f11xx_250,CW,Exchange_First,8200306,3.334264
N-t65f11xx_250,CW,Exchange_Best,8119279,0.488030
N-t65f11xx_250,CW,Insert_First,8289311,2.796644
N-t65f11xx_250,CW,Insert_Best,8238391,0.659089
N-t65f11xx_250,CW,VND_TEI,8246160,3.523161
N-t65f11xx_250,CW,VND_TIE,8257075,2.308827
N-t65l11xx_150,Random,Transpose_First,128191,0.000005
N-t65l11xx_150,Random,Transpose_Best,128369,0.000003
N-t65l11xx_150,Random,Exchange_First,250051,0.266020
N-t65l11xx_150,Random,Exchange_Best,247080,0.057487
N-t65l11xx_150,Random,Insert_First,248920,0.188451
N-t65l11xx_150,Random,Insert_Best,249865,0.081193
N-t65l11xx_150,CW,Transpose_First,212453,0.000003
N-t65l11xx_150,CW,Transpose_Best,212466,0.000005
N-t65l11xx_150,CW,Exchange_First,247354,0.210534
N-t65l11xx_150,CW,Exchange_Best,246467,0.037750
N-t65l11xx_150,CW,Insert_First,248929,0.153498
N-t65l11xx_150,CW,Insert_Best,249067,0.055158
N-t65l11xx_150,CW,VND_TEI,249201,0.219362
N-t65l11xx_150,CW,VND_TIE,248967,0.154523
N-t65l11xx_250,Random,Transpose_First,395635,0.000007
N-t65l11xx_250,Random,Transpose_Best,396207,0.000010
N-t65l11xx_250,Random,Exchange_First,652205,3.601785
N-t65l11xx_250,Random,Exchange_Best,642843,0.505361
N-t65l11xx_250,Random,Insert_First,653157,2.304578
N-t65l11xx_250,Random,Insert_Best,651004,0.691939
N-t65l11xx_250,CW,Transpose_First,540729,0.000007
N-t65l11xx_250,CW,Transpose_Best,540744,0.000010
N-t65l11xx_250,CW,Exchange_First,654025,2.817647
N-t65l11xx_250,CW,Exchange_Best,650066,0.518058
N-t65l11xx_250,CW,Insert_First,654532,1.872044
N-t65l11xx_250,CW,Insert_Best,655620,0.587363
N-t65l11xx_250,CW,VND_TEI,656564,2.958201
N-t65l11xx_250,CW,VND_TIE,657237,1.852346
N-t65n11xx_150,Random,Transpose_First,342935,0.000008
N-t65n11xx_150,Random,Transpose_Best,346166,0.000011
N-t65n11xx_150,Random,Exchange_First,535610,0.359280
N-t65n11xx_150,Random,Exchange_Best,531415,0.067722
N-t65n11xx_150,Random,Insert_First,540462,0.352380
N-t65n11xx_150,Random,Insert_Best,539303,0.086865
N-t65n11xx_150,CW,Transpose_First,444448,0.000007
N-t65n11xx_150,CW,Transpose_Best,445370,0.000009
N-t65n11xx_150,CW,Exchange_First,540137,0.276907
N-t65n11xx_150,CW,Exchange_Best,537067,0.050231
N-t65n11xx_150,CW,Insert_First,541772,0.229596
N-t65n11xx_150,CW,Insert_Best,542739,0.076890
N-t65n11xx_150,CW,VND_TEI,543370,0.283887
N-t65n11xx_150,CW,VND_TIE,544280,0.253971
N-t65n11xx_250,Random,Transpose_First,952838,0.000014
N-t65n11xx_250,Random,Transpose_Best,955134,0.000024
N-t65n11xx_250,Random,Exchange_First,1390315,3.994941
N-t65n11xx_250,Random,Exchange_Best,1373112,0.647778
N-t65n11xx_250,Random,Insert_First,1395804,3.484057
N-t65n11xx_250,Random,Insert_Best,1388620,0.664258
N-t65n11xx_250,CW,Transpose_First,1187218,0.000013
N-t65n11xx_250,CW,Transpose_Best,1193356,0.000027
N-t65n11xx_250,CW,Exchange_First,1401022,3.172964
N-t65n11xx_250,CW,Exchange_Best,1394916,0.609286
N-t65n11xx_250,CW,Insert_First,1408683,2.374376
N-t65n11xx_250,CW,Insert_Best,1400567,0.586905
N-t65n11xx_250,CW,VND_TEI,1412240,3.666347
N-t65n11xx_250,CW,VND_TIE,1412965,2.231632
N-t69r11xx_150,Random,Transpose_First,7600701,0.000008
N-t69r11xx_150,Random,Transpose_Best,7609678,0.000012
N-t69r11xx_150,Random,Exchange_First,11426358,0.297624
N-t69r11xx_150,Random,Exchange_Best,11418554,0.065985
N-t69r11xx_150,Random,Insert_First,11590407,0.281256
N-t69r11xx_150,Random,Insert_Best,11597668,0.070543
N-t69r11xx_150,CW,Transpose_First,9684776,0.000005
N-t69r11xx_150,CW,Transpose_Best,9698234,0.000007
N-t69r11xx_150,CW,Exchange_First,11531126,0.276667
N-t69r11xx_150,CW,Exchange_Best,11463500,0.055034
N-t69r11xx_150,CW,Insert_First,11544988,0.221289
N-t69r11xx_150,CW,Insert_Best,11597493,0.070554
N-t69r11xx_150,CW,VND_TEI,11559482,0.319030
N-t69r11xx_150,CW,VND_TIE,11602495,0.256347
N-t69r11xx_250,Random,Transpose_First,21060290,0.000014
N-t69r11xx_250,Random,Transpose_Best,21165097,0.000021
N-t69r11xx_250,Random,Exchange_First,30982032,4.584277
N-t69r11xx_250,Random,Exchange_Best,30474224,0.625810
N-t69r11xx_250,Random,Insert_First,31210160,3.614190
N-t69r11xx_250,Random,Insert_Best,30985808,0.696340
N-t69r11xx_250,CW,Transpose_First,25827396,0.000021
N-t69r11xx_250,CW,Transpose_Best,25873737,0.000023
N-t69r11xx_250,CW,Exchange_First,31021897,3.424974
N-t69r11xx_250,CW,Exchange_Best,30841759,0.597956
N-t69r11xx_250,CW,Insert_First,31206836,2.598843
N-t69r11xx_250,CW,Insert_Best,31200456,0.652777
N-t69r11xx_250,CW,VND_TEI,31134305,4.146439
N-t69r11xx_250,CW,VND_TIE,31212193,2.509139
N-t70b11xx_150,Random,Transpose_First,6051685,0.000009
N-t70b11xx_150,Random,Transpose_Best,6107362,0.000011
N-t70b11xx_150,Random,Exchange_First,9387680,0.283302
N-t70b11xx_150,Random,Exchange_Best,9287815,0.059538
N-t70b11xx_150,Random,Insert_First,9434392,0.338205
N-t70b11xx_150,Random,Insert_Best,9420264,0.083928
N-t70b11xx_150,CW,Transpose_First,8178936,0.000007
N-t70b11xx_150,CW,Transpose_Best,8156467,0.000009
N-t70b11xx_150,CW,Exchange_First,9406290,0.259865
N-t70b11xx_150,CW,Exchange_Best,9346931,0.048792
N-t70b11xx_150,CW,Insert_First,9436129,0.193846
N-t70b11xx_150,CW,Insert_Best,9437109,0.064372
N-t70b11xx_150,CW,VND_TEI,9464594,0.272651
N-t70b11xx_150,CW,VND_TIE,9492532,0.203604
N-t70b11xx_250,Random,Transpose_First,16816083,0.000015
N-t70b11xx_250,Random,Transpose_Best,16847159,0.000025
N-t70b11xx_250,Random,Exchange_First,24607212,3.868638
N-t70b11xx_250,Random,Exchange_Best,24549727,0.728498
N-t70b11xx_250,Random,Insert_First,25041550,3.880560
N-t70b11xx_250,Random,Insert_Best,24902582,0.736188
N-t70b11xx_250,CW,Transpose_First,21206887,0.000014
N-t70b11xx_250,CW,Transpose_Best,21208714,0.000025
N-t70b11xx_250,CW,Exchange_First,24683110,3.625370
N-t70b11xx_250,CW,Exchange_Best,24422848,0.592610
N-t70b11xx_250,CW,Insert_First,24961125,2.726665
N-t70b11xx_250,CW,Insert_Best,24859437,0.658978
N-t70b11xx_250,CW,VND_TEI,24851743,3.764300
N-t70b11xx_250,CW,VND_TIE,24965664,2.641945
N-t70d11xn_150,Random,Transpose_First,3608392,0.000010
N-t70d11xn_150,Random,Transpose_Best,3608272,0.000026
N-t70d11xn_150,Random,Exchange_First,5632012,0.357178
N-t70d11xn_150,Random,Exchange_Best,5581792,0.074697
N-t70d11xn_150,Random,Insert_First,5738585,0.404628
N-t70d11xn_150,Random,Insert_Best,5651154,0.083150
N-t70d11xn_150,CW,Transpose_First,4871242,0.000010
N-t70d11xn_150,CW,Transpose_Best,4898826,0.000014
N-t70d11xn_150,CW,Exchange_First,5673764,0.288554
N-t70d11xn_150,CW,Exchange_Best,5662059,0.063293
N-t70d11xn_150,CW,Insert_First,5723354,0.279457
N-t70d11xn_150,CW,Insert_Best,5742649,0.073563
N-t70d11xn_150,CW,VND_TEI,5693935,0.293410
N-t70d11xn_150,CW,VND_TIE,5696765,0.250717
N-t70d11xn_250,Random,Transpose_First,10647818,0.000021
N-t70d11xn_250,Random,Transpose_Best,10690780,0.000041
N-t70d11xn_250,Random,Exchange_First,14702964,4.431618
N-t70d11xn_250,Random,Exchange_Best,14630692,0.695329
N-t70d11xn_250,Random,Insert_First,14899122,3.835823
N-t70d11xn_250,Random,Insert_Best,14903631,0.776498
N-t70d11xn_250,CW,Transpose_First,12884232,0.000027
N-t70d11xn_250,CW,Transpose_Best,12890728,0.000034
N-t70d11xn_250,CW,Exchange_First,14903053,4.111581
N-t70d11xn_250,CW,Exchange_Best,14753135,0.536415
N-t70d11xn_250,CW,Insert_First,15007824,3.142187
N-t70d11xn_250,CW,Insert_Best,14947243,0.615271
N-t70d11xn_250,CW,VND_TEI,14995073,4.007947
N-t70d11xn_250,CW,VND_TIE,14978841,2.860702
N-t70d11xx_150,Random,Transpose_First,4283429,0.000008
N-t70d11xx_150,Random,Transpose_Best,4258714,0.000012
N-t70d11xx_150,Random,Exchange_First,5968613,0.337839
N-t70d11xx_150,Random,Exchange_Best,5913842,0.068836
N-t70d11xx_150,Random,Insert_First,6029183,0.379608
N-t70d11xx_150,Random,Insert_Best,6019988,0.104057
N-t70d11xx_150,CW,Transpose_First,5255372,0.000057
N-t70d11xx_150,CW,Transpose_Best,5273912,0.000023
N-t70d11xx_150,CW,Exchange_First,6004424,0.306154
N-t70d11xx_150,CW,Exchange_Best,5981468,0.052567
N-t70d11xx_150,CW,Insert_First,6037958,0.253559
N-t70d11xx_150,CW,Insert_Best,6038324,0.070005
N-t70d11xx_150,CW,VND_TEI,6051643,0.307120
N-t70d11xx_150,CW,VND_TIE,6059146,0.223169
N-t70d11xx_250,Random,Transpose_First,11072864,0.000021
N-t70d11xx_250,Random,Transpose_Best,11066730,0.000030
N-t70d11xx_250,Random,Exchange_First,15546031,4.636771
N-t70d11xx_250,Random,Exchange_Best,15410487,0.780565
N-t70d11xx_250,Random,Insert_First,15716652,3.866623
N-t70d11xx_250,Random,Insert_Best,15576665,0.659889
N-t70d11xx_250,CW,Transpose_First,13628028,0.000018
N-t70d11xx_250,CW,Transpose_Best,13671964,0.000031
N-t70d11xx_250,CW,Exchange_First,15627058,3.921855
N-t70d11xx_250,CW,Exchange_Best,15529347,0.589687
N-t70d11xx_250,CW,Insert_First,15836346,3.173207
N-t70d11xx_250,CW,Insert_Best,15734158,0.611981
N-t70d11xx_250,CW,VND_TEI,15735237,3.906574
N-t70d11xx_250,CW,VND_TIE,15750632,3.151896
N-t70f11xx_150,Random,Transpose_First,3241715,0.000013
N-t70f11xx_150,Random,Transpose_Best,3248829,0.000016
N-t70f11xx_150,Random,Exchange_First,4944910,0.282108
N-t70f11xx_150,Random,Exchange_Best,4932812,0.060023
N-t70f11xx_150,Random,Insert_First,5037388,0.307393
N-t70f11xx_150,Random,Insert_Best,5053851,0.091424
N-t70f11xx_150,CW,Transpose_First,4252600,0.000006
N-t70f11xx_150,CW,Transpose_Best,4235305,0.000007
N-t70f11xx_150,CW,Exchange_First,4994095,0.242839
N-t70f11xx_150,CW,Exchange_Best,4975522,0.066704
N-t70f11xx_150,CW,Insert_First,5072879,0.212869
N-t70f11xx_150,CW,Insert_Best,5045196,0.080568
N-t70f11xx_150,CW,VND_TEI,5041409,0.281719
N-t70f11xx_150,CW,VND_TIE,5056434,0.226090
N-t70f11xx_250,Random,Transpose_First,9423977,0.000016
N-t70f11xx_250,Random,Transpose_Best,9434609,0.000024
N-t70f11xx_250,Random,Exchange_First,13162843,3.621472
N-t70f11xx_250,Random,Exchange_Best,13023711,0.518241
N-t70f11xx_250,Random,Insert_First,13302080,3.583695
N-t70f11xx_250,Random,Insert_Best,13235429,0.726956
N-t70f11xx_250,CW,Transpose_First,11565346,0.000019
N-t70f11xx_250,CW,Transpose_Best,11569596,0.000030
N-t70f11xx_250,CW,Exchange_First,13266010,3.396080
N-t70f11xx_250,CW,Exchange_Best,13100613,0.706300
N-t70f11xx_250,CW,Insert_First,13374442,2.599822
N-t70f11xx_250,CW,Insert_Best,13338176,0.676024
N-t70f11xx_250,CW,VND_TEI,13340322,3.574979
N-t70f11xx_250,CW,VND_TIE,13339759,2.632459
N-t70l11xx_150,Random,Transpose_First,271234,0.000005
N-t70l11xx_150,Random,Transpose_Best,271234,0.000004
N-t70l11xx_150,Random,Exchange_First,422865,0.286322
N-t70l11xx_150,Random,Exchange_Best,419713,0.052720
N-t70l11xx_150,Random,Insert_First,426305,0.201201
N-t70l11xx_150,Random,Insert_Best,424035,0.074559
N-t70l11xx_150,CW,Transpose_First,354093,0.000003
N-t70l11xx_150,CW,Transpose_Best,354319,0.000006
N-t70l11xx_150,CW,Exchange_First,421662,0.245081
N-t70l11xx_150,CW,Exchange_Best,425072,0.074316
N-t70l11xx_150,CW,Insert_First,428097,0.165153
N-t70l11xx_150,CW,Insert_Best,425581,0.087459
N-t70l11xx_150,CW,VND_TEI,425119,0.235662
N-t70l11xx_150,CW,VND_TIE,425804,0.180597
N-t70l11xx_250,Random,Transpose_First,670363,0.000008
N-t70l11xx_250,Random,Transpose_Best,670421,0.000013
N-t70l11xx_250,Random,Exchange_First,1087354,3.854238
N-t70l11xx_250,Random,Exchange_Best,1074060,0.643221
N-t70l11xx_250,Random,Insert_First,1082827,2.517835
N-t70l11xx_250,Random,Insert_Best,1081829,0.715540
N-t70l11xx_250,CW,Transpose_First,903613,0.000007
N-t70l11xx_250,CW,Transpose_Best,903929,0.000008
N-t70l11xx_250,CW,Exchange_First,1083602,3.173692
N-t70l11xx_250,CW,Exchange_Best,1086459,0.576552
N-t70l11xx_250,CW,Insert_First,1085951,1.977492
N-t70l11xx_250,CW,Insert_Best,1094546,0.610540
N-t70l11xx_250,CW,VND_TEI,1091239,3.360403
N-t70l11xx_250,CW,VND_TIE,1090238,2.114388
N-t70n11xx_150,Random,Transpose_First,593115,0.000009
N-t70n11xx_150,Random,Transpose_Best,594016,0.000013
N-t70n11xx_150,Random,Exchange_First,917529,0.412109
N-t70n11xx_150,Random,Exchange_Best,910062,0.068530
N-t70n11xx_150,Random,Insert_First,929342,0.393258
N-t70n11xx_150,Random,Insert_Best,923600,0.084976
N-t70n11xx_150,CW,Transpose_First,805639,0.000008
N-t70n11xx_150,CW,Transpose_Best,802999,0.000011
N-t70n11xx_150,CW,Exchange_First,918164,0.281107
N-t70n11xx_150,CW,Exchange_Best,922717,0.069880
N-t70n11xx_150,CW,Insert_First,928932,0.278920
N-t70n11xx_150,CW,Insert_Best,930033,0.069357
N-t70n11xx_150,CW,VND_TEI,927270,0.276286
N-t70n11xx_150,CW,VND_TIE,928460,0.258999
N-t70n11xx_250,Random,Transpose_First,1650484,0.000017
N-t70n11xx_250,Random,Transpose_Best,1663338,0.000034
N-t70n11xx_250,Random,Exchange_First,2377866,4.512597
N-t70n11xx_250,Random,Exchange_Best,2348357,0.692013
N-t70n11xx_250,Random,Insert_First,2376681,3.430988
N-t70n11xx_250,Random,Insert_Best,2379500,0.704224
N-t70n11xx_250,CW,Transpose_First,2044430,0.000017
N-t70n11xx_250,CW,Transpose_Best,2045930,0.000026
N-t70n11xx_250,CW,Exchange_First,2378666,3.163353
N-t70n11xx_250,CW,Exchange_Best,2364065,0.534041
N-t70n11xx_250,CW,Insert_First,2398204,2.525075
N-t70n11xx_250,CW,Insert_Best,2398059,0.630546
N-t70n11xx_250,CW,VND_TEI,2407962,4.304505
N-t70n11xx_250,CW,VND_TIE,2408777,2.520785
N-t74d11xx_150,Random,Transpose_First,6301767,0.000010
N-t74d11xx_150,Random,Transpose_Best,6315715,0.000012
N-t74d11xx_150,Random,Exchange_First,9119373,0.389988
N-t74d11xx_150,Random,Exchange_Best,9024253,0.071744
N-t74d11xx_150,Random,Insert_First,9226556,0.317918
N-t74d11xx_150,Random,Insert_Best,9178343,0.089798
N-t74d11xx_150,CW,Transpose_First,8018672,0.000007
N-t74d11xx_150,CW,Transpose_Best,8054027,0.000012
N-t74d11xx_150,CW,Exchange_First,9175355,0.287949
N-t74d11xx_150,CW,Exchange_Best,9082795,0.062333
N-t74d11xx_150,CW,Insert_First,9254523,0.251968
N-t74d11xx_150,CW,Insert_Best,9223866,0.076053
N-t74d11xx_150,CW,VND_TEI,9170540,0.271852
N-t74d11xx_150,CW,VND_TIE,9252315,0.222167
N-t74d11xx_250,Random,Transpose_First,16783671,0.000017
N-t74d11xx_250,Random,Transpose_Best,16804434,0.000028
N-t74d11xx_250,Random,Exchange_First,23768286,4.733276
N-t74d11xx_250,Random,Exchange_Best,23637725,0.610858
N-t74d11xx_250,Random,Insert_First,23983218,3.747781
N-t74d11xx_250,Random,Insert_Best,23934297,0.739669
N-t74d11xx_250,CW,Transpose_First,20812545,0.000017
N-t74d11xx_250,CW,Transpose_Best,20848170,0.000036
N-t74d11xx_250,CW,Exchange_First,23962060,3.995410
N-t74d11xx_250,CW,Exchange_Best,23809597,0.543846
N-t74d11xx_250,CW,Insert_First,24038567,3.063908
N-t74d11xx_250,CW,Insert_Best,24025325,0.583375
N-t74d11xx_250,CW,VND_TEI,24089767,4.299586
N-t74d11xx_250,CW,VND_TIE,23953138,2.864822
N-t75d11xx_150,Random,Transpose_First,6114949,0.000010
N-t75d11xx_150,Random,Transpose_Best,6140219,0.000029
N-t75d11xx_150,Random,Exchange_First,9389095,0.373325
N-t75d11xx_150,Random,Exchange_Best,9232902,0.073973
N-t75d11xx_150,Random,Insert_First,9344694,0.352508
N-t75d11xx_150,Random,Insert_Best,9431092,0.087379
N-t75d11xx_150,CW,Transpose_First,8294865,0.000012
N-t75d11xx_150,CW,Transpose_Best,8292070,0.000014
N-t75d11xx_150,CW,Exchange_First,9505942,0.334163
N-t75d11xx_150,CW,Exchange_Best,9319958,0.058457
N-t75d11xx_150,CW,Insert_First,9556284,0.273664
N-t75d11xx_150,CW,Insert_Best,9449956,0.070388
N-t75d11xx_150,CW,VND_TEI,9544459,0.340417
N-t75d11xx_150,CW,VND_TIE,9542513,0.219590
N-t75d11xx_250,Random,Transpose_First,17653655,0.000017
N-t75d11xx_250,Random,Transpose_Best,17673167,0.000030
N-t75d11xx_250,Random,Exchange_First,24450066,4.772603
N-t75d11xx_250,Random,Exchange_Best,24259091,0.621618
N-t75d11xx_250,Random,Insert_First,24512916,3.617166
N-t75d11xx_250,Random,Insert_Best,24461041,0.782011
N-t75d11xx_250,CW,Transpose_First,21446440,0.000019
N-t75d11xx_250,CW,Transpose_Best,21507458,0.000029
N-t75d11xx_250,CW,Exchange_First,24489542,3.844063
N-t75d11xx_250,CW,Exchange_Best,24270498,0.452528
N-t75d11xx_250,CW,Insert_First,24616380,2.842723
N-t75d11xx_250,CW,Insert_Best,24665920,0.676042
N-t75d11xx_250,CW,VND_TEI,24594987,3.905430
N-t75d11xx_250,CW,VND_TIE,24735530,2.754204
N-t75e11xx_150,Random,Transpose_First,26841183,0.000031
N-t75e11xx_150,Random,Transpose_Best,26969136,0.000014
N-t75e11xx_150,Random,Exchange_First,40263882,0.416137
N-t75e11xx_150,Random,Exchange_Best,40126202,0.076666
N-t75e11xx_150,Random,Insert_First,40527132,0.362702
N-t75e11xx_150,Random,Insert_Best,40530365,0.082086
N-t75e11xx_150,CW,Transpose_First,35541961,0.000014
N-t75e11xx_150,CW,Transpose_Best,35602963,0.000016
N-t75e11xx_150,CW,Exchange_First,40475444,0.330510
N-t75e11xx_150,CW,Exchange_Best,40424387,0.072418
N-t75e11xx_150,CW,Insert_First,40778700,0.260012
N-t75e11xx_150,CW,Insert_Best,40612705,0.073382
N-t75e11xx_150,CW,VND_TEI,40936945,0.385925
N-t75e11xx_150,CW,VND_TIE,40808241,0.257472
N-t75e11xx_250,Random,Transpose_First,73890813,0.000028
N-t75e11xx_250,Random,Transpose_Best,74221068,0.000032
N-t75e11xx_250,Random,Exchange_First,103832819,5.053758
N-t75e11xx_250,Random,Exchange_Best,102647081,0.580798
N-t75e11xx_250,Random,Insert_First,103898406,4.133657
N-t75e11xx_250,Random,Insert_Best,103649949,0.700988
N-t75e11xx_250,CW,Transpose_First,89900236,0.000015
N-t75e11xx_250,CW,Transpose_Best,90179995,0.000027
N-t75e11xx_250,CW,Exchange_First,103913398,4.311572
N-t75e11xx_250,CW,Exchange_Best,103506909,0.649740
N-t75e11xx_250,CW,Insert_First,105079161,2.999739
N-t75e11xx_250,CW,Insert_Best,104403502,0.667428
N-t75e11xx_250,CW,VND_TEI,104422500,4.045056
N-t75e11xx_250,CW,VND_TIE,105407565,2.891745
N-t75k11xx_150,Random,Transpose_First,995065,0.000008
N-t75k11xx_150,Random,Transpose_Best,1004913,0.000013
N-t75k11xx_150,Random,Exchange_First,1500214,0.343833
N-t75k11xx_150,Random,Exchange_Best,1483168,0.063734
N-t75k11xx_150,Random,Insert_First,1513972,0.316870
N-t75k11xx_150,Random,Insert_Best,1505459,0.080694
N-t75k11xx_150,CW,Transpose_First,1288571,0.000006
N-t75k11xx_150,CW,Transpose_Best,1291590,0.000008
N-t75k11xx_150,CW,Exchange_First,1506927,0.295547
N-t75k11xx_150,CW,Exchange_Best,1498656,0.058397
N-t75k11xx_150,CW,Insert_First,1528025,0.269296
N-t75k11xx_150,CW,Insert_Best,1512337,0.069191
N-t75k11xx_150,CW,VND_TEI,1516688,0.334637
N-t75k11xx_150,CW,VND_TIE,1521575,0.274597
N-t75k11xx_250,Random,Transpose_First,2828312,0.000016
N-t75k11xx_250,Random,Transpose_Best,2834368,0.000023
N-t75k11xx_250,Random,Exchange_First,3975634,4.040195
N-t75k11xx_250,Random,Exchange_Best,3925608,0.726266
N-t75k11xx_250,Random,Insert_First,3999380,3.711508
N-t75k11xx_250,Random,Insert_Best,3981840,0.761800
N-t75k11xx_250,CW,Transpose_First,3464585,0.000012
N-t75k11xx_250,CW,Transpose_Best,3465859,0.000022
N-t75k11xx_250,CW,Exchange_First,3986477,3.360164
N-t75k11xx_250,CW,Exchange_Best,3978431,0.631738
N-t75k11xx_250,CW,Insert_First,4025664,2.594122
N-t75k11xx_250,CW,Insert_Best,4029058,0.636241
N-t75k11xx_250,CW,VND_TEI,4029976,3.740012
N-t75k11xx_250,CW,VND_TIE,4025096,2.812781
N-t75n11xx_150,Random,Transpose_First,1081423,0.000014
N-t75n11xx_150,Random,Transpose_Best,1081998,0.000017
N-t75n11xx_150,Random,Exchange_First,1682018,0.334282
N-t75n11xx_150,Random,Exchange_Best,1663955,0.071192
N-t75n11xx_150,Random,Insert_First,1712107,0.390726
N-t75n11xx_150,Random,Insert_Best,1703052,0.072658
N-t75n11xx_150,CW,Transpose_First,1456478,0.000035
N-t75n11xx_150,CW,Transpose_Best,1460389,0.000025
N-t75n11xx_150,CW,Exchange_First,1693425,0.287324
N-t75n11xx_150,CW,Exchange_Best,1678466,0.057431
N-t75n11xx_150,CW,Insert_First,1709911,0.288288
N-t75n11xx_150,CW,Insert_Best,1699696,0.069021
N-t75n11xx_150,CW,VND_TEI,1707120,0.362509
N-t75n11xx_150,CW,VND_TIE,1705226,0.204244
N-t75n11xx_250,Random,Transpose_First,2977188,0.000014
N-t75n11xx_250,Random,Transpose_Best,2980519,0.000021
N-t75n11xx_250,Random,Exchange_First,4394870,4.041513
N-t75n11xx_250,Random,Exchange_Best,4378591,0.619849
N-t75n11xx_250,Random,Insert_First,4424908,3.293857
N-t75n11xx_250,Random,Insert_Best,4413313,0.807139
N-t75n11xx_250,CW,Transpose_First,3804768,0.000020
N-t75n11xx_250,CW,Transpose_Best,3811786,0.000027
N-t75n11xx_250,CW,Exchange_First,4424166,4.166162
N-t75n11xx_250,CW,Exchange_Best,4390373,0.624936
N-t75n11xx_250,CW,Insert_First,4445642,2.487009
N-t75n11xx_250,CW,Insert_Best,4426053,0.600307
N-t75n11xx_250,CW,VND_TEI,4439013,3.656216
N-t75n11xx_250,CW,VND_TIE,4446104,2.299970
N-tiw56n54_150,Random,Transpose_First,575639,0.000009
N-tiw56n54_150,Random,Transpose_Best,575431,0.000014
N-tiw56n54_150,Random,Exchange_First,815329,0.317801
N-tiw56n54_150,Random,Exchange_Best,810031,0.073147
N-tiw56n54_150,Random,Insert_First,825536,0.345132
N-tiw56n54_150,Random,Insert_Best,821525,0.099364
N-tiw56n54_150,CW,Transpose_First,714779,0.000006
N-tiw56n54_150,CW,Transpose_Best,717943,0.000010
N-tiw56n54_150,CW,Exchange_First,820030,0.303585
N-tiw56n54_150,CW,Exchange_Best,810451,0.068029
N-tiw56n54_150,CW,Insert_First,827045,0.236971
N-tiw56n54_150,CW,Insert_Best,820908,0.076473
N-tiw56n54_150,CW,VND_TEI,823001,0.328212
N-tiw56n54_150,CW,VND_TIE,823895,0.215226
N-tiw56n54_250,Random,Transpose_First,1447533,0.000018
N-tiw56n54_250,Random,Transpose_Best,1447913,0.000035
N-tiw56n54_250,Random,Exchange_First,2047572,4.651575
N-tiw56n54_250,Random,Exchange_Best,2028934,0.697574
N-tiw56n54_250,Random,Insert_First,2055668,3.790596
N-tiw56n54_250,Random,Insert_Best,2054279,0.770422
N-tiw56n54_250,CW,Transpose_First,1808562,0.000018
N-tiw56n54_250,CW,Transpose_Best,1812400,0.000038
N-tiw56n54_250,CW,Exchange_First,2052945,3.328434
N-tiw56n54_250,CW,Exchange_Best,2033634,0.504351
N-tiw56n54_250,CW,Insert_First,2064302,2.626848
N-tiw56n54_250,CW,Insert_Best,2064848,0.707666
N-tiw56n54_250,CW,VND_TEI,2063987,3.361514
N-tiw56n54_250,CW,VND_TIE,2060445,2.472984
N-tiw56n58_150,Random,Transpose_First,713317,0.000009
N-tiw56n58_150,Random,Transpose_Best,713691,0.000016
N-tiw56n58_150,Random,Exchange_First,1107920,0.246701
N-tiw56n58_150,Random,Exchange_Best,1105327,0.062418
N-tiw56n58_150,Random,Insert_First,1133421,0.325033
N-tiw56n58_150,Random,Insert_Best,1138679,0.085635
N-tiw56n58_150,CW,Transpose_First,979280,0.000007
N-tiw56n58_150,CW,Transpose_Best,980160,0.000013
N-tiw56n58_150,CW,Exchange_First,1118860,0.253408
N-tiw56n58_150,CW,Exchange_Best,1119262,0.062027
N-tiw56n58_150,CW,Insert_First,1132041,0.227935
N-tiw56n58_150,CW,Insert_Best,1125880,0.064650
N-tiw56n58_150,CW,VND_TEI,1138410,0.269155
N-tiw56n58_150,CW,VND_TIE,1131250,0.225014
N-tiw56n58_250,Random,Transpose_First,1999304,0.000014
N-tiw56n58_250,Random,Transpose_Best,2003441,0.000021
N-tiw56n58_250,Random,Exchange_First,2844339,4.412971
N-tiw56n58_250,Random,Exchange_Best,2788200,0.521398
N-tiw56n58_250,Random,Insert_First,2835630,3.665768
N-tiw56n58_250,Random,Insert_Best,2832070,0.705886
N-tiw56n58_250,CW,Transpose_First,2488193,0.000016
N-tiw56n58_250,CW,Transpose_Best,2487523,0.000193
N-tiw56n58_250,CW,Exchange_First,2833122,3.148077
N-tiw56n58_250,CW,Exchange_Best,2816744,0.521909
N-tiw56n58_250,CW,Insert_First,2870285,2.838282
N-tiw56n58_250,CW,Insert_Best,2856928,0.632265
N-tiw56n58_250,CW,VND_TEI,2853596,3.918456
N-tiw56n58_250,CW,VND_TIE,2860249,3.010771
N-tiw56n62_150,Random,Transpose_First,1057721,0.000010
N-tiw56n62_150,Random,Transpose_Best,1052978,0.000012
N-tiw56n62_150,Random,Exchange_First,1582163,0.362185
N-tiw56n62_150,Random,Exchange_Best,1571950,0.073736
N-tiw56n62_150,Random,Insert_First,1589455,0.392025
N-tiw56n62_150,Random,Insert_Best,1589283,0.080250
N-tiw56n62_150,CW,Transpose_First,1369155,0.000009
N-tiw56n62_150,CW,Transpose_Best,1371854,0.000014
N-tiw56n62_150,CW,Exchange_First,1593168,0.353838
N-tiw56n62_150,CW,Exchange_Best,1568484,0.057007
N-tiw56n62_150,CW,Insert_First,1604094,0.291133
N-tiw56n62_150,CW,Insert_Best,1603502,0.071145
N-tiw56n62_150,CW,VND_TEI,1600211,0.329652
N-tiw56n62_150,CW,VND_TIE,1600062,0.245012
N-tiw56n62_250,Random,Transpose_First,2782763,0.000037
N-tiw56n62_250,Random,Transpose_Best,2791042,0.000068
N-tiw56n62_250,Random,Exchange_First,4042712,4.121290
N-tiw56n62_250,Random,Exchange_Best,4004644,0.773195
N-tiw56n62_250,Random,Insert_First,4072095,4.118739
N-tiw56n62_250,Random,Insert_Best,4059584,0.773399
N-tiw56n62_250,CW,Transpose_First,3565045,0.000018
N-tiw56n62_250,CW,Transpose_Best,3570083,0.000031
N-tiw56n62_250,CW,Exchange_First,4055394,3.569046
N-tiw56n62_250,CW,Exchange_Best,4042962,0.617706
N-tiw56n62_250,CW,Insert_First,4092797,2.859991
N-tiw56n62_250,CW,Insert_Best,4083462,0.661512
N-tiw56n62_250,CW,VND_TEI,4085180,3.362585
N-tiw56n62_250,CW,VND_TIE,4076785,2.245953
N-tiw56n66_150,Random,Transpose_First,1325388,0.000009
N-tiw56n66_150,Random,Transpose_Best,1340279,0.000010
N-tiw56n66_150,Random,Exchange_First,2029367,0.338275
N-tiw56n66_150,Random,Exchange_Best,2030649,0.066054
N-tiw56n66_150,Random,Insert_First,2062717,0.293501
N-tiw56n66_150,Random,Insert_Best,2058584,0.072789
N-tiw56n66_150,CW,Transpose_First,1782837,0.000014
N-tiw56n66_150,CW,Transpose_Best,1777236,0.000012
N-tiw56n66_150,CW,Exchange_First,2041784,0.286261
N-tiw56n66_150,CW,Exchange_Best,2041643,0.052096
N-tiw56n66_150,CW,Insert_First,2078897,0.250786
N-tiw56n66_150,CW,Insert_Best,2074443,0.070716
N-tiw56n66_150,CW,VND_TEI,2074715,0.303395
N-tiw56n66_150,CW,VND_TIE,2074210,0.262221
N-tiw56n66_250,Random,Transpose_First,3659951,0.000019
N-tiw56n66_250,Random,Transpose_Best,3678745,0.000039
N-tiw56n66_250,Random,Exchange_First,5213404,4.250159
N-tiw56n66_250,Random,Exchange_Best,5192693,0.655194
N-tiw56n66_250,Random,Insert_First,5283428,4.007582
N-tiw56n66_250,Random,Insert_Best,5248847,0.784607
N-tiw56n66_250,CW,Transpose_First,4628643,0.000029
N-tiw56n66_250,CW,Transpose_Best,4642464,0.000038
N-tiw56n66_250,CW,Exchange_First,5278937,3.672803
N-tiw56n66_250,CW,Exchange_Best,5235719,0.585415
N-tiw56n66_250,CW,Insert_First,5284215,2.622931
N-tiw56n66_250,CW,Insert_Best,5288374,0.658754
N-tiw56n66_250,CW,VND_TEI,5297123,3.491987
N-tiw56n66_250,CW,VND_TIE,5294401,2.439282
N-tiw56n67_150,Random,Transpose_First,1597567,0.000007
N-tiw56n67_150,Random,Transpose_Best,1604879,0.000020
N-tiw56n67_150,Random,Exchange_First,2311390,0.291226
N-tiw56n67_150,Random,Exchange_Best,2288613,0.065444
N-tiw56n67_150,Random,Insert_First,2330322,0.323729
N-tiw56n67_150,Random,Insert_Best,2322902,0.080617
N-tiw56n67_150,CW,Transpose_First,1991321,0.000010
N-tiw56n67_150,CW,Transpose_Best,1987042,0.000013
N-tiw56n67_150,CW,Exchange_First,2318677,0.316364
N-tiw56n67_150,CW,Exchange_Best,2317812,0.059556
N-tiw56n67_150,CW,Insert_First,2332444,0.292084
N-tiw56n67_150,CW,Insert_Best,2338069,0.064168
N-tiw56n67_150,CW,VND_TEI,2325452,0.329743
N-tiw56n67_150,CW,VND_TIE,2340215,0.294666
N-tiw56n67_250,Random,Transpose_First,4243100,0.000017
N-tiw56n67_250,Random,Transpose_Best,4242752,0.000031
N-tiw56n67_250,Random,Exchange_First,6158030,5.193152
N-tiw56n67_250,Random,Exchange_Best,6130215,0.727736
N-tiw56n67_250,Random,Insert_First,6215871,3.880807
N-tiw56n67_250,Random,Insert_Best,6131092,0.678098
N-tiw56n67_250,CW,Transpose_First,5430971,0.000023
N-tiw56n67_250,CW,Transpose_Best,5438444,0.000035
N-tiw56n67_250,CW,Exchange_First,6195784,4.018193
N-tiw56n67_250,CW,Exchange_Best,6142906,0.547765
N-tiw56n67_250,CW,Insert_First,6244397,2.888385
N-tiw56n67_250,CW,Insert_Best,6223661,0.587588
N-tiw56n67_250,CW,VND_TEI,6208861,3.576309
N-tiw56n67_250,CW,VND_TIE,6242997,3.039423
N-tiw56n72_150,Random,Transpose_First,2511906,0.000010
N-tiw56n72_150,Random,Transpose_Best,2503278,0.000013
N-tiw56n72_150,Random,Exchange_First,4016039,0.369839
N-tiw56n72_150,Random,Exchange_Best,3982943,0.065118
N-tiw56n72_150,Random,Insert_First,4023623,0.329721
N-tiw56n72_150,Random,Insert_Best,4057011,0.097274
N-tiw56n72_150,CW,Transpose_First,3453839,0.000008
N-tiw56n72_150,CW,Transpose_Best,3461238,0.000015
N-tiw56n72_150,CW,Exchange_First,4007183,0.259244
N-tiw56n72_150,CW,Exchange_Best,4028431,0.067153
N-tiw56n72_150,CW,Insert_First,4030449,0.263590
N-tiw56n72_150,CW,Insert_Best,4052562,0.071767
N-tiw56n72_150,CW,VND_TEI,4066003,0.303705
N-tiw56n72_150,CW,VND_TIE,4053577,0.261340
N-tiw56n72_250,Random,Transpose_First,7458982,0.000020
N-tiw56n72_250,Random,Transpose_Best,7461125,0.000028
N-tiw56n72_250,Random,Exchange_First,10899326,4.666910
N-tiw56n72_250,Random,Exchange_Best,10805211,0.575190
N-tiw56n72_250,Random,Insert_First,10936447,3.358396
N-tiw56n72_250,Random,Insert_Best,10883000,0.698065
N-tiw56n72_250,CW,Transpose_First,9570252,0.000023
N-tiw56n72_250,CW,Transpose_Best,9578597,0.000032
N-tiw56n72_250,CW,Exchange_First,10882875,3.818266
N-tiw56n72_250,CW,Exchange_Best,10860134,0.578648
N-tiw56n72_250,CW,Insert_First,10966282,2.759387
N-tiw56n72_250,CW,Insert_Best,10942999,0.657280
N-tiw56n72_250,CW,VND_TEI,11021829,3.882935
N-tiw56n72_250,CW,VND_TIE,10989835,2.738510
N-tiw56r54_150,Random,Transpose_First,624466,0.000009
N-tiw56r54_150,Random,Transpose_Best,632879,0.000015
N-tiw56r54_150,Random,Exchange_First,930682,0.352937
N-tiw56r54_150,Random,Exchange_Best,916284,0.059377
N-tiw56r54_150,Random,Insert_First,937027,0.325824
N-tiw56r54_150,Random,Insert_Best,938112,0.085492
N-tiw56r54_150,CW,Transpose_First,819435,0.000010
N-tiw56r54_150,CW,Transpose_Best,824019,0.000009
N-tiw56r54_150,CW,Exchange_First,932446,0.233622
N-tiw56r54_150,CW,Exchange_Best,932609,0.062377
N-tiw56r54_150,CW,Insert_First,944153,0.260415
N-tiw56r54_150,CW,Insert_Best,940414,0.064362
N-tiw56r54_150,CW,VND_TEI,943976,0.299058
N-tiw56r54_150,CW,VND_TIE,944921,0.238245
N-tiw56r54_250,Random,Transpose_First,1645440,0.000015
N-tiw56r54_250,Random,Transpose_Best,1646792,0.000028
N-tiw56r54_250,Random,Exchange_First,2327153,4.243975
N-tiw56r54_250,Random,Exchange_Best,2305115,0.635595
N-tiw56r54_250,Random,Insert_First,2331852,4.024145
N-tiw56r54_250,Random,Insert_Best,2348064,0.746267
N-tiw56r54_250,CW,Transpose_First,2061294,0.000033
N-tiw56r54_250,CW,Transpose_Best,2060973,0.000030
N-tiw56r54_250,CW,Exchange_First,2323516,3.108102
N-tiw56r54_250,CW,Exchange_Best,2312707,0.513382
N-tiw56r54_250,CW,Insert_First,2350043,2.532768
N-tiw56r54_250,CW,Insert_Best,2348727,0.618422
N-tiw56r54_250,CW,VND_TEI,2343608,3.215658
N-tiw56r54_250,CW,VND_TIE,2351961,2.603830
N-tiw56r58_150,Random,Transpose_First,806469,0.000010
N-tiw56r58_150,Random,Transpose_Best,803090,0.000012
N-tiw56r58_150,Random,Exchange_First,1181271,0.368030
N-tiw56r58_150,Random,Exchange_Best,1171784,0.064300
N-tiw56r58_150,Random,Insert_First,1195992,0.322405
N-tiw56r58_150,Random,Insert_Best,1185238,0.073222
N-tiw56r58_150,CW,Transpose_First,1030572,0.000007
N-tiw56r58_150,CW,Transpose_Best,1030978,0.000014
N-tiw56r58_150,CW,Exchange_First,1186304,0.290909
N-tiw56r58_150,CW,Exchange_Best,1178174,0.059764
N-tiw56r58_150,CW,Insert_First,1199481,0.252126
N-tiw56r58_150,CW,Insert_Best,1194310,0.068206
N-tiw56r58_150,CW,VND_TEI,1189044,0.305903
N-tiw56r58_150,CW,VND_TIE,1196611,0.221523
N-tiw56r58_250,Random,Transpose_First,2181605,0.000015
N-tiw56r58_250,Random,Transpose_Best,2184686,0.000025
N-tiw56r58_250,Random,Exchange_First,2973581,3.895228
N-tiw56r58_250,Random,Exchange_Best,2956496,0.624676
N-tiw56r58_250,Random,Insert_First,2999686,3.759200
N-tiw56r58_250,Random,Insert_Best,2981062,0.651246
N-tiw56r58_250,CW,Transpose_First,2633849,0.000025
N-tiw56r58_250,CW,Transpose_Best,2628785,0.000031
N-tiw56r58_250,CW,Exchange_First,2993196,3.585924
N-tiw56r58_250,CW,Exchange_Best,2977609,0.603387
N-tiw56r58_250,CW,Insert_First,3006374,2.608667
N-tiw56r58_250,CW,Insert_Best,3007014,0.634038
N-tiw56r58_250,CW,VND_TEI,3013897,3.315226
N-tiw56r58_250,CW,VND_TIE,3014829,2.595990
N-tiw56r66_150,Random,Transpose_First,1250215,0.000017
N-tiw56r66_150,Random,Transpose_Best,1251464,0.000016
N-tiw56r66_150,Random,Exchange_First,1866879,0.370946
N-tiw56r66_150,Random,Exchange_Best,1870800,0.065974
N-tiw56r66_150,Random,Insert_First,1895325,0.352225
N-tiw56r66_150,Random,Insert_Best,1886229,0.075955
N-tiw56r66_150,CW,Transpose_First,1631683,0.000010
N-tiw56r66_150,CW,Transpose_Best,1638503,0.000014
N-tiw56r66_150,CW,Exchange_First,1876636,0.276371
N-tiw56r66_150,CW,Exchange_Best,1879086,0.061505
N-tiw56r66_150,CW,Insert_First,1908478,0.255719
N-tiw56r66_150,CW,Insert_Best,1901715,0.070494
N-tiw56r66_150,CW,VND_TEI,1893336,0.337728
N-tiw56r66_150,CW,VND_TIE,1895676,0.226185
N-tiw56r66_250,Random,Transpose_First,3360563,0.000019
N-tiw56r66_250,Random,Transpose_Best,3371919,0.000030
N-tiw56r66_250,Random,Exchange_First,4802217,4.816113
N-tiw56r66_250,Random,Exchange_Best,4753431,0.653453
N-tiw56r66_250,Random,Insert_First,4841250,3.968006
N-tiw56r66_250,Random,Insert_Best,4826698,0.803518
N-tiw56r66_250,CW,Transpose_First,4245566,0.000018
N-tiw56r66_250,CW,Transpose_Best,4253792,0.000040
N-tiw56r66_250,CW,Exchange_First,4847107,3.336593
N-tiw56r66_250,CW,Exchange_Best,4833831,0.578087
N-tiw56r66_250,CW,Insert_First,4878650,2.682122
N-tiw56r66_250,CW,Insert_Best,4879345,0.571007
N-tiw56r66_250,CW,VND_TEI,4866826,3.587925
N-tiw56r66_250,CW,VND_TIE,4877291,2.681757
N-tiw56r67_150,Random,Transpose_First,1302211,0.000017
N-tiw56r67_150,Random,Transpose_Best,1311015,0.000037
N-tiw56r67_150,Random,Exchange_First,1988965,0.337547
N-tiw56r67_150,Random,Exchange_Best,1994607,0.063433
N-tiw56r67_150,Random,Insert_First,2032630,0.367261
N-tiw56r67_150,Random,Insert_Best,2021961,0.076623
N-tiw56r67_150,CW,Transpose_First,1742233,0.000007
N-tiw56r67_150,CW,Transpose_Best,1748906,0.000014
N-tiw56r67_150,CW,Exchange_First,2010860,0.269394
N-tiw56r67_150,CW,Exchange_Best,1998253,0.061682
N-tiw56r67_150,CW,Insert_First,2027553,0.237207
N-tiw56r67_150,CW,Insert_Best,2027046,0.074703
N-tiw56r67_150,CW,VND_TEI,2033031,0.321256
N-tiw56r67_150,CW,VND_TIE,2027202,0.239856
N-tiw56r67_250,Random,Transpose_First,3469771,0.000019
N-tiw56r67_250,Random,Transpose_Best,3469693,0.000030
N-tiw56r67_250,Random,Exchange_First,5163072,4.775371
N-tiw56r67_250,Random,Exchange_Best,5111533,0.627604
N-tiw56r67_250,Random,Insert_First,5156405,3.833480
N-tiw56r67_250,Random,Insert_Best,5194255,0.779296
N-tiw56r67_250,CW,Transpose_First,4544032,0.000019
N-tiw56r67_250,CW,Transpose_Best,4543096,0.000061
N-tiw56r67_250,CW,Exchange_First,5170982,3.695318
N-tiw56r67_250,CW,Exchange_Best,5175744,0.618859
N-tiw56r67_250,CW,Insert_First,5196768,2.769479
N-tiw56r67_250,CW,Insert_Best,5209942,0.642562
N-tiw56r67_250,CW,VND_TEI,5199809,3.906311
N-tiw56r67_250,CW,VND_TIE,5170394,2.216045
N-tiw56r72_150,Random,Transpose_First,1829418,0.000016
N-tiw56r72_150,Random,Transpose_Best,1804294,0.000018
N-tiw56r72_150,Random,Exchange_First,2732312,0.300871
N-tiw56r72_150,Random,Exchange_Best,2710114,0.053545
N-tiw56r72_150,Random,Insert_First,2746807,0.331295
N-tiw56r72_150,Random,Insert_Best,2725285,0.081919
N-tiw56r72_150,CW,Transpose_First,2323262,0.000007
N-tiw56r72_150,CW,Transpose_Best,2322019,0.000012
N-tiw56r72_150,CW,Exchange_First,2736105,0.301027
N-tiw56r72_150,CW,Exchange_Best,2734897,0.065726
N-tiw56r72_150,CW,Insert_First,2775597,0.253534
N-tiw56r72_150,CW,Insert_Best,2782951,0.076401
N-tiw56r72_150,CW,VND_TEI,2773434,0.349690
N-tiw56r72_150,CW,VND_TIE,2793248,0.249275
N-tiw56r72_250,Random,Transpose_First,5184394,0.000016
N-tiw56r72_250,Random,Transpose_Best,5195365,0.000032
N-tiw56r72_250,Random,Exchange_First,7249588,4.594125
N-tiw56r72_250,Random,Exchange_Best,7176154,0.669696
N-tiw56r72_250,Random,Insert_First,7331613,4.163998
N-tiw56r72_250,Random,Insert_Best,7247989,0.658769
N-tiw56r72_250,CW,Transpose_First,6441762,0.000016
N-tiw56r72_250,CW,Transpose_Best,6452197,0.000027
N-tiw56r72_250,CW,Exchange_First,7310818,3.935104
N-tiw56r72_250,CW,Exchange_Best,7244386,0.608385
N-tiw56r72_250,CW,Insert_First,7339914,3.056632
N-tiw56r72_250,CW,Insert_Best,7321457,0.648441
N-tiw56r72_250,CW,VND_TEI,7321596,3.626422
N-tiw56r72_250,CW,VND_TIE,7331654,2.864202
